participant#,phase 1 human mean,phase 1 human mode,phase 1 human min,phase 1 human max,phase 1 llm mean,phase 1 llm mode,phase 1 llm min,phase 1 llm max,phase 1 correlation coefficient,phase 1 p-value,phase 2 human mean,phase 2 human mode,phase 2 human min,phase 2 human max,phase 2 llm mean,phase 2 llm mode,phase 2 llm min,phase 2 llm max,phase 2 correlation coefficient,phase 2 p-value
0,3.17,2,2,7,2.85,3,2,7,0.7327120392376222,4.5310508478656836e-18,5.328571428571428,7,2,7,4.4523809523809526,2,2,7,0.8020449899877394,7.17473151374441e-17
1,4.13,2,2,7,3.8033333333333332,3,2,7,0.6257568054117936,3.377298816505953e-12,4.071428571428571,2,2,7,4.571428571428571,3,2,7,0.8228528768497825,2.3701165531046823e-18
2,4.55,3,2,7,3.6433333333333335,3,2,7,0.7773980386928262,1.906106004703516e-21,5.614285714285714,7,3,7,4.3619047619047615,2,2,7,0.7705020595370718,6.23623813414116e-15
3,2.91,2,2,6,2.4133333333333336,2,2,7,-0.04914189604725771,0.6272975131782993,3.742857142857143,3,2,7,4.395238095238096,5,2,7,0.15952743328285576,0.18712370279623516
4,3.98,2,2,7,3.256666666666667,3,2,7,0.671359699609983,2.103133788782062e-14,4.985714285714286,7,2,7,4.390476190476191,3,2,7,0.8093223333541426,2.2829340004064012e-17
5,4.33,2,2,7,4.13,3,2,7,0.7637959964710225,2.4335338018301177e-20,5.314285714285714,7,2,7,4.495238095238095,2,2,7,0.7250599423624907,1.2697481889104913e-12
6,4.690721649484536,7,2,7,4.082474226804123,3,2,7,0.797084795758278,1.5752421159392225e-22,5.514285714285714,7,2,7,4.433333333333334,2,2,7,0.7629655436582102,1.633488604714259e-14
7,3.13,2,2,7,2.8433333333333333,3,2,7,0.6873702448054415,2.8385682360433196e-15,4.328571428571428,2,2,7,4.380952380952381,5,2,7,0.7280004789139104,9.29870305734637e-13
8,3.56,3,2,7,3.3033333333333332,3,2,7,0.753713559638974,1.4432081866313187e-19,4.514285714285714,7,2,7,4.433333333333334,5,2,7,0.8095185317832058,2.2120363567888815e-17
9,2.7,2,2,6,2.8533333333333335,3,2,7,0.5621149512090724,1.1615202981102168e-09,3.3714285714285714,2,2,6,4.480952380952381,2,2,7,0.760419216861701,2.2435416826679726e-14
10,3.42,2,2,7,3.3333333333333335,3,2,7,0.6207642544974616,5.603291426349419e-12,4.128571428571429,6,2,7,4.571428571428571,7,2,7,0.7367874977783658,3.576637119143182e-13
11,4.9,6,2,7,3.83,3,2,7,0.60907786771569,1.7707774756087538e-11,3.8714285714285714,2,2,7,4.376190476190477,5,2,7,0.6817597320662131,8.188922654060636e-11
12,2.99,2,1,7,3.263333333333333,3,2,7,0.4099095776799104,2.283203538460774e-05,3.9,2,2,7,4.485714285714286,2,2,7,0.7220547552770696,1.73861908976756e-12
13,3.87,3,2,7,2.8133333333333335,3,2,7,0.6031582338203177,3.115930161525059e-11,6.214285714285714,7,2,7,4.395238095238096,3,2,7,0.6470076126064439,1.4342164147182332e-09
14,2.96,2,2,7,3.57,3,2,7,0.698860458692337,6.219273125122691e-16,2.657142857142857,2,2,7,4.414285714285715,3,2,7,0.4919665683010852,1.5227551558746467e-05
15,3.79,4,2,7,3.3066666666666666,3,2,7,0.555998750975033,1.9107269041434957e-09,3.657142857142857,3,1,7,4.566666666666666,7,2,7,0.6028401580994012,3.347333370506704e-08
16,5.33,6,2,7,3.6266666666666665,3,2,7,0.4702474123068879,7.951422171945196e-07,5.214285714285714,6,3,7,4.4904761904761905,3,2,7,0.48342085134893675,2.243763748803362e-05
17,4.29,4,3,7,3.3133333333333335,3,2,7,0.002670897712787496,0.9789596522806047,3.0428571428571427,3,2,5,4.485714285714286,5,2,7,-0.06718566714303512,0.5805240787916127
18,4.25,5,2,7,2.5933333333333333,2,2,7,0.10299359570091536,0.30786988053269543,4.542857142857143,5,1,7,4.580952380952381,7,2,7,-0.07865807936206996,0.5174668317723449
19,3.26,2,2,7,3.566666666666667,3,2,7,0.6531430341085002,1.7747429486295193e-13,3.2857142857142856,3,2,5,4.395238095238096,3,2,7,0.08147880306285277,0.5025121543005526
20,3.97,5,2,7,3.7266666666666666,3,2,7,-0.11415175511534957,0.2581111116243556,5.185714285714286,6,4,7,4.385714285714286,2,2,7,0.1363486805198295,0.26037710884444754
21,2.45,2,2,5,3.3033333333333332,3,2,7,0.6127039861382733,1.245380473591202e-11,3.1857142857142855,3,2,6,4.395238095238096,3,2,7,0.5849439397592457,1.0516102965492436e-07
22,3.17,2,2,6,2.566666666666667,2,2,6,0.5932050349594207,7.853477404828347e-11,4.014285714285714,3,1,7,4.519047619047619,7,2,7,0.7288721322735621,8.471889573525527e-13
23,2.91,2,2,7,2.5866666666666664,2,2,7,0.6860873798488262,3.348402452957061e-15,5.042857142857143,7,2,7,4.495238095238095,7,2,7,0.8080037864122326,2.819443109558449e-17
24,2.18,2,1,6,2.35,2,2,7,0.6605031396574709,7.631275523164572e-14,2.557142857142857,2,2,6,4.395238095238096,3,2,7,0.6554410964538796,7.407827713227381e-10
25,3.53,2,2,7,2.85,3,2,7,0.5356080322001944,9.35952441926558e-09,4.214285714285714,4,2,7,4.585714285714285,7,2,7,0.6562411399253781,6.950279118249416e-10
26,4.64,7,2,7,3.2133333333333334,3,2,7,0.5688656457839808,6.626370414232677e-10,4,2,2,7,4.561904761904762,3,2,7,0.7371926977451149,3.4193507317277094e-13
27,2.9,2,2,6,2.6266666666666665,2,2,7,0.6145589516857375,1.0383622805383336e-11,3.8714285714285714,5,2,6,4.4523809523809526,2,2,7,0.5882289953937049,8.567251405946576e-08
28,3.76,2,2,7,3.76,3,2,7,0.6838880770726192,4.4358071331342354e-15,3.9,2,2,7,4.4904761904761905,2,2,7,0.7537974101661653,5.029061899637766e-14
29,3.77,4,3,5,3.566666666666667,3,2,7,-0.030573084198270577,0.7626843525141893,3.4571428571428573,3,3,5,4.4904761904761905,5,2,7,0.07171239124878358,0.5552268206932218
30,2.78,2,2,7,3.2333333333333334,3,2,7,0.5080409459741293,6.829284709712411e-08,2.742857142857143,2,2,7,4.40952380952381,3,2,7,0.5712662912822477,2.410589352570421e-07
31,4.3,5,2,7,3.78,3,2,7,0.47281919550203305,6.790314995171518e-07,3.7285714285714286,2,2,6,4.419047619047619,2,2,7,0.6778368549269506,1.1534807596001844e-10
32,2.21,2,2,5,2.3733333333333335,2,2,6,0.7001038887486629,5.254325592490792e-16,3.7857142857142856,2,2,7,4.5,3,2,7,0.7156142843351432,3.3636816474670443e-12
33,3.4,3,1,6,4.09,3,2,7,0.08787529083429498,0.3846347920519094,3.157142857142857,3,2,5,4.552380952380952,5,2,7,0.44598206925484857,0.00010912413030011295
34,2.02,2,2,3,2.5833333333333335,2,2,7,0.30222963634493694,0.002242337981094298,1.9857142857142858,2,1,3,4.414285714285715,3,2,7,-0.03554769757353008,0.7701714921213163
35,2.96,2,2,7,2.3733333333333335,2,2,6,0.7546381311421254,1.2302482813178667e-19,4.557142857142857,5,2,7,4.447619047619048,2,2,7,0.7739421312184462,3.9694239425349665e-15
36,3.94,3,2,7,2.8233333333333333,3,2,7,0.24078150833181053,0.015814894093707097,5.3,6,2,7,4.523809523809524,2,2,7,0.2558899369132574,0.03250725831252865
37,4.14,3,2,7,2.6033333333333335,2,2,6,0.6934668820544778,1.2796008023214612e-15,4.642857142857143,3,2,7,4.447619047619048,2,2,7,0.6932182933434211,2.9186936960423066e-11
38,3.53,2,2,7,4.123333333333333,3,2,7,-0.33861953880968476,0.0005689187745497776,4.014285714285714,2,2,7,4.442857142857143,2,2,7,-0.050620311449239404,0.6772921048927889
39,4,3,1,7,2.4066666666666667,2,2,7,0.10723683217316535,0.288257567892027,3.7714285714285714,3,2,6,4.4523809523809526,3,2,7,-0.09416899419764793,0.438095364232994
40,3.84,2,2,7,2.5733333333333333,2,2,6,0.5888121615267818,1.169320109932705e-10,4.114285714285714,2,2,7,4.476190476190476,7,2,7,0.5399426697335439,1.407743057786095e-06
41,4.38,2,2,7,4.166666666666667,3,2,7,0.8443260874700462,2.639980092603375e-28,5.057142857142857,7,2,7,4.428571428571429,5,2,7,0.7946633593602519,2.185932853860969e-16
42,2.59,2,1,6,2.8433333333333333,3,2,7,0.6377422683539804,9.646017401996121e-13,3.3714285714285714,4,2,7,4.376190476190477,2,2,7,0.5090251598342733,6.804409067306835e-06
43,4.04,3,2,7,2.6033333333333335,2,2,7,0.7200187417388596,3.121574452370452e-17,5.214285714285714,7,2,7,4.480952380952381,2,2,7,0.824490787462127,1.778446978901878e-18
44,4.12,2,2,7,3.546666666666667,3,2,7,0.6140650558748931,1.0899862502536406e-11,4.957142857142857,7,1,7,4.352380952380952,2,2,7,0.6618242794573664,4.430447427280797e-10
45,4.22,4,3,5,2.3766666666666665,2,2,7,0.04686407532562105,0.6433619975993724,4.214285714285714,4,3,5,4.4523809523809526,5,2,7,0.03438745048961855,0.7774763596596592
46,2.96,2,2,7,2.4233333333333333,2,2,6,0.6686113788604533,2.929366837781199e-14,4.928571428571429,7,2,7,4.5095238095238095,2,2,7,0.6338551045459194,3.861504028790958e-09
47,3.37,2,2,7,2.51,2,2,7,0.6719984709158907,1.946256851709214e-14,4.871428571428571,5,2,7,4.466666666666667,5,2,7,0.5945200421797564,5.749029080726834e-08
48,6.02,6,1,7,2.533333333333333,2,2,7,0.04186119888742408,0.679218092324454,5.3428571428571425,7,2,7,4.442857142857143,2,2,7,0.0002335350674624951,0.9984690896926347
49,4.4,2,1,7,3.61,3,2,7,0.6533430622724663,1.7350315611220124e-13,3.9857142857142858,5,2,7,4.433333333333334,5,2,7,0.3172195317788384,0.007456242834591177
50,4.42,3,2,7,3.276666666666667,3,2,7,0.436750445982283,5.548756984052222e-06,3.757142857142857,2,2,7,4.4523809523809526,2,2,7,0.5777243382721493,1.6370643350644863e-07
51,5.16,7,2,7,4.123333333333333,3,2,7,0.7833381812759328,5.920584220615628e-22,5.3428571428571425,7,2,7,4.428571428571429,5,2,7,0.7289709433430309,8.382738801061771e-13
